{
  "feature_order": [
    "laplacian",
    "sobel",
    "dft",
    "hsv_skin",
    "jpeg_blocking",
    "edge_ringing",
    "texture_inconsistency"
  ],
  "weights": [
    -3.8979532958557535,
    -0.6798625769438479,
    0.4409714984855745,
    0.6385747663964481,
    -4.197907317089943,
    -0.7734665744077124,
    -0.07784389370600217
  ],
  "bias": -0.96068022865444,
  "means": [
    0.38328027385668995,
    0.3624620820170313,
    0.11432433230206598,
    0.44085418592172804,
    0.2649998575974128,
    0.11592015415913139,
    0.42358616622225775
  ],
  "scales": [
    0.30417014885357346,
    0.06204005218571158,
    0.1602357543931474,
    0.23700958456163293,
    0.1773625768395002,
    0.08507012907390657,
    0.2884756108252392
  ],
  "threshold": 0.51,
  "profile": "fast",
  "variant_weights": {
    "original": 0.78,
    "clahe": 0.22
  },
  "max_image_side": 512,
  "metrics": {
    "validation_f1": 0.9962264150943396,
    "roc_auc": 0.999475161987041,
    "train_size": 7704,
    "validation_size": 1926
  }
}